<?xml version="1.0" encoding="UTF-8"?>
<metadata modelVersion="1.1.0">
  <groupId>org.apache.karaf.demos</groupId>
  <artifactId>my-kar</artifactId>
  <version>4.2.0-SNAPSHOT</version>
  <versioning>
    <snapshot>
      <localCopy>true</localCopy>
    </snapshot>
    <lastUpdated>20170905074157</lastUpdated>
    <snapshotVersions>
      <snapshotVersion>
        <classifier>features</classifier>
        <extension>xml</extension>
        <value>4.2.0-SNAPSHOT</value>
        <updated>20170905074157</updated>
      </snapshotVersion>
    </snapshotVersions>
  </versioning>
</metadata>
